gene,replicate,run,pip
Off-Target,A1,0,0.1226182343002829
Off-Target,A1,1,0.1742510710475932
Off-Target,A1,2,0.16146390093929755
Off-Target,A1,3,0.182172464364389
Off-Target,A1,4,0.23052259307638517
Off-Target,A1,5,0.4539266592296792
Off-Target,A1,6,0.15469423820627093
Off-Target,A1,7,0.12853758355877143
Off-Target,A1,8,0.14179260711035796
Off-Target,A1,9,0.12029879280555282
Off-Target,A10,0,0.14200906393941737
Off-Target,A10,1,0.13827169466095135
Off-Target,A10,2,0.1516334163374617
Off-Target,A10,3,0.13911921557569246
Off-Target,A10,4,0.14516891722910885
Off-Target,A10,5,0.13907326055681632
Off-Target,A10,6,0.1218690850334631
Off-Target,A10,7,0.12923344473071344
Off-Target,A10,8,0.11568442061094432
Off-Target,A10,9,0.11583957531970324
Off-Target,A11,0,0.15450319123507258
Off-Target,A11,1,0.1439616390942013
Off-Target,A11,2,0.13017146222881393
Off-Target,A11,3,0.15527424183801283
Off-Target,A11,4,0.15915962438701892
Off-Target,A11,5,0.1846294830961229
Off-Target,A11,6,0.13093593803968773
Off-Target,A11,7,0.11877235593124684
Off-Target,A11,8,0.12376498916511793
Off-Target,A11,9,0.11276581852735323
Off-Target,A12,0,0.16225563189440684
Off-Target,A12,1,0.14172147893317974
Off-Target,A12,2,0.1429759550788702
Off-Target,A12,3,0.12688827617596715
Off-Target,A12,4,0.14618852744514169
Off-Target,A12,5,0.13218803251576064
Off-Target,A12,6,0.19060469179289932
Off-Target,A12,7,0.13770924126238185
Off-Target,A12,8,0.11177934415909246
Off-Target,A12,9,0.12607983472658943
Off-Target,A13,0,0.16454800035611358
Off-Target,A13,1,0.14135478360817927
Off-Target,A13,2,0.13842881257799883
Off-Target,A13,3,0.1675734237954693
Off-Target,A13,4,0.13917168569147811
Off-Target,A13,5,0.13587834143768804
Off-Target,A13,6,0.12860363668904048
Off-Target,A13,7,0.1164383076331978
Off-Target,A13,8,0.11791204884957152
Off-Target,A13,9,0.12385419405157884
Off-Target,A14,0,0.15739115517227675
Off-Target,A14,1,0.17918352765809176
Off-Target,A14,2,0.1742304589381705
Off-Target,A14,3,0.18655253427481172
Off-Target,A14,4,0.19297675190991637
Off-Target,A14,5,0.15496409566553135
Off-Target,A14,6,0.12752320502600192
Off-Target,A14,7,0.1243649460223777
Off-Target,A14,8,0.12318174081522602
Off-Target,A14,9,0.1161482322173454
Off-Target,A15,0,0.16028575276128043
Off-Target,A15,1,0.16680735527809032
Off-Target,A15,2,0.15447196618545342
Off-Target,A15,3,0.17209640084754674
Off-Target,A15,4,0.1813181619050548
Off-Target,A15,5,0.14433041865943655
Off-Target,A15,6,0.14636903231054482
Off-Target,A15,7,0.1500296282527125
Off-Target,A15,8,0.1187925273812861
Off-Target,A15,9,0.11941607110493452
Off-Target,A16,0,0.16196609665970688
Off-Target,A16,1,0.19040864673734192
Off-Target,A16,2,0.28844442028851786
Off-Target,A16,3,0.2986684388326347
Off-Target,A16,4,0.25697257628249587
Off-Target,A16,5,0.1977487374702603
Off-Target,A16,6,0.16817628918275682
Off-Target,A16,7,0.14089163354095025
Off-Target,A16,8,0.13309699693877508
Off-Target,A16,9,0.12556925595626067
Off-Target,A17,0,0.1548428501244534
Off-Target,A17,1,0.1500887201642461
Off-Target,A17,2,0.1302509358645319
Off-Target,A17,3,0.1411188622881382
Off-Target,A17,4,0.14040768498953096
Off-Target,A17,5,0.14619955112374972
Off-Target,A17,6,0.14367170437200716
Off-Target,A17,7,0.149901794304192
Off-Target,A17,8,0.11459876138793816
Off-Target,A17,9,0.15343096951376525
Off-Target,A18,0,0.1479434130836363
Off-Target,A18,1,0.21018513257384033
Off-Target,A18,2,0.1722046656248143
Off-Target,A18,3,0.24112511427802835
Off-Target,A18,4,0.20423581050645753
Off-Target,A18,5,0.20091486727143576
Off-Target,A18,6,0.16026208326529623
Off-Target,A18,7,0.1497222432627039
Off-Target,A18,8,0.11830052854351944
Off-Target,A18,9,0.11147400568170468
Off-Target,A19,0,0.15292550037158303
Off-Target,A19,1,0.1527751441419056
Off-Target,A19,2,0.15340017899266783
Off-Target,A19,3,0.18074145748045176
Off-Target,A19,4,0.17574291591608304
Off-Target,A19,5,0.15360045716362197
Off-Target,A19,6,0.12156471620012976
Off-Target,A19,7,0.12526985315812922
Off-Target,A19,8,0.11687888745026329
Off-Target,A19,9,0.12617224342407185
Off-Target,A2,0,0.15854582546946416
Off-Target,A2,1,0.15992945469480707
Off-Target,A2,2,0.19420880624033715
Off-Target,A2,3,0.17039011828726872
Off-Target,A2,4,0.15682571814424953
Off-Target,A2,5,0.15553857247035976
Off-Target,A2,6,0.1309272809239848
Off-Target,A2,7,0.1297281710336146
Off-Target,A2,8,0.12494567366188974
Off-Target,A2,9,0.15119752320051952
Off-Target,A20,0,0.1592088350404478
Off-Target,A20,1,0.17590213837317226
Off-Target,A20,2,0.20481086039684496
Off-Target,A20,3,0.1854996444392379
Off-Target,A20,4,0.14440878454806858
Off-Target,A20,5,0.14930988654967786
Off-Target,A20,6,0.1155936135684213
Off-Target,A20,7,0.11901776323300138
Off-Target,A20,8,0.1125256469213054
Off-Target,A20,9,0.14687367485552005
Off-Target,A3,0,0.1722714177201883
Off-Target,A3,1,0.16070142595918074
Off-Target,A3,2,0.1371974071704486
Off-Target,A3,3,0.16274571861572468
Off-Target,A3,4,0.15610228733691897
Off-Target,A3,5,0.11747427495174748
Off-Target,A3,6,0.15414968820897934
Off-Target,A3,7,0.1233976981928258
Off-Target,A3,8,0.11768838177482728
Off-Target,A3,9,0.12120098566883929
Off-Target,A4,0,0.15685863425673116
Off-Target,A4,1,0.16547515805473814
Off-Target,A4,2,0.1555928741889196
Off-Target,A4,3,0.1397348101860666
Off-Target,A4,4,0.15128564898001784
Off-Target,A4,5,0.1378964758696572
Off-Target,A4,6,0.13611838243260105
Off-Target,A4,7,0.13734274324958864
Off-Target,A4,8,0.13783727883013489
Off-Target,A4,9,0.13447880234305823
Off-Target,A5,0,0.15211677065381948
Off-Target,A5,1,0.18475003103112483
Off-Target,A5,2,0.18146957537392633
Off-Target,A5,3,0.222336318153793
Off-Target,A5,4,0.1650827027734878
Off-Target,A5,5,0.13773535665083214
Off-Target,A5,6,0.09416316112712082
Off-Target,A5,7,0.18975933232780437
Off-Target,A5,8,0.1585727011552993
Off-Target,A5,9,0.14620054709971178
Off-Target,A6,0,0.1552626467795752
Off-Target,A6,1,0.14935967548607576
Off-Target,A6,2,0.15536616363602876
Off-Target,A6,3,0.20058011819167684
Off-Target,A6,4,0.17582741936905202
Off-Target,A6,5,0.20414176362520112
Off-Target,A6,6,0.16112301201191478
Off-Target,A6,7,0.12365054553475716
Off-Target,A6,8,0.11488979031673366
Off-Target,A6,9,0.12158969899976202
Off-Target,A7,0,0.1576516462403281
Off-Target,A7,1,0.20647519966348396
Off-Target,A7,2,0.2018036114545595
Off-Target,A7,3,0.2414412736394471
Off-Target,A7,4,0.28817528721549696
Off-Target,A7,5,0.18516349418973127
Off-Target,A7,6,0.17680148696058176
Off-Target,A7,7,0.13335965879585726
Off-Target,A7,8,0.11936896892657592
Off-Target,A7,9,0.11928462121759448
Off-Target,A8,0,0.1519189260355136
Off-Target,A8,1,0.16981107091244305
Off-Target,A8,2,0.24704673557506532
Off-Target,A8,3,0.2373233822363386
Off-Target,A8,4,0.2172277867131691
Off-Target,A8,5,0.19089119007819083
Off-Target,A8,6,0.14544275600977208
Off-Target,A8,7,0.11827913119775056
Off-Target,A8,8,0.12460669249942684
Off-Target,A8,9,0.1165102184311454
Off-Target,A9,0,0.1557717070105704
Off-Target,A9,1,0.1683839215644896
Off-Target,A9,2,0.15140806154557906
Off-Target,A9,3,0.162728744152821
Off-Target,A9,4,0.14042673233866734
Off-Target,A9,5,0.13698582463445125
Off-Target,A9,6,0.14370458749342843
Off-Target,A9,7,0.1310584616066853
Off-Target,A9,8,0.11454783064967344
Off-Target,A9,9,0.11582478540293265
gyrA,A1,0,0.0126539599220037
gyrA,A1,1,0.05744667269102632
gyrA,A1,2,0.07613372723426284
gyrA,A1,3,0.6972015007242689
gyrA,A1,4,0.22253627828623723
gyrA,A1,5,0.288008446566104
gyrA,A1,6,0.57047247114466
gyrA,A1,7,0.9580129700865702
gyrA,A1,8,0.9945876204866752
gyrA,A1,9,0.9892110584333608
gyrA,A10,0,0.01139981697798578
gyrA,A10,1,0.01752443021872899
gyrA,A10,2,0.07865530681026374
gyrA,A10,3,0.3445790698991308
gyrA,A10,4,0.35600889507158406
gyrA,A10,5,0.6643781440459053
gyrA,A10,6,0.3574872686800223
gyrA,A10,7,0.9688303565623804
gyrA,A10,8,0.993857185660931
gyrA,A10,9,0.9997594266714108
gyrA,A11,0,0.01087446285132841
gyrA,A11,1,0.01410537820430971
gyrA,A11,2,0.10736002947785904
gyrA,A11,3,0.1291296883212585
gyrA,A11,4,0.1082615437771347
gyrA,A11,5,0.4476643336110489
gyrA,A11,6,0.559926948730671
gyrA,A11,7,0.9376645487570464
gyrA,A11,8,0.9280308533166656
gyrA,A11,9,0.9950151930183702
gyrA,A12,0,0.01681467527646725
gyrA,A12,1,0.02489704222737595
gyrA,A12,2,0.12457693248154912
gyrA,A12,3,0.4859022751137485
gyrA,A12,4,0.3796511286742053
gyrA,A12,5,0.2137862924823295
gyrA,A12,6,0.6852459115111577
gyrA,A12,7,0.9593376773247482
gyrA,A12,8,0.9902294260500856
gyrA,A12,9,0.9950138837216328
gyrA,A13,0,0.01309339225423853
gyrA,A13,1,0.02330341653381148
gyrA,A13,2,0.02125469206644193
gyrA,A13,3,0.05689355881594087
gyrA,A13,4,0.6672683310345
gyrA,A13,5,0.8911769817565712
gyrA,A13,6,0.3654792280755123
gyrA,A13,7,0.6791921978302446
gyrA,A13,8,0.9915910536018184
gyrA,A13,9,0.9989779907087792
gyrA,A14,0,0.01444154313820724
gyrA,A14,1,0.02739530738384663
gyrA,A14,2,0.17348795659687383
gyrA,A14,3,0.330110108406589
gyrA,A14,4,0.6175093989169748
gyrA,A14,5,0.5457916082980949
gyrA,A14,6,0.36575051935555375
gyrA,A14,7,0.962824609524352
gyrA,A14,8,0.995303288684406
gyrA,A14,9,0.9988065893690056
gyrA,A15,0,0.01125304326866938
gyrA,A15,1,0.0149008278520503
gyrA,A15,2,0.0318708066620865
gyrA,A15,3,0.11218113035643423
gyrA,A15,4,0.2836270286556749
gyrA,A15,5,0.8648634494777273
gyrA,A15,6,0.22487442693542933
gyrA,A15,7,0.870545563434174
gyrA,A15,8,0.8106151108363335
gyrA,A15,9,0.9917393086245224
gyrA,A16,0,0.0125250477556071
gyrA,A16,1,0.0160543723602542
gyrA,A16,2,0.01386679273989915
gyrA,A16,3,0.04462534098735449
gyrA,A16,4,0.11214671523280444
gyrA,A16,5,0.681451176514327
gyrA,A16,6,0.3673508734924239
gyrA,A16,7,0.6207141837210569
gyrA,A16,8,0.4226172302425369
gyrA,A16,9,0.9851370457411598
gyrA,A17,0,0.01457338198048492
gyrA,A17,1,0.02146669094011635
gyrA,A17,2,0.03747179226868032
gyrA,A17,3,0.08223580466481258
gyrA,A17,4,0.675286368485476
gyrA,A17,5,0.4811466503218463
gyrA,A17,6,0.27948561357767954
gyrA,A17,7,0.841589749586413
gyrA,A17,8,0.9644716079574552
gyrA,A17,9,0.9869343027778544
gyrA,A18,0,0.01136059494729216
gyrA,A18,1,0.02016544285084584
gyrA,A18,2,0.02262620271346231
gyrA,A18,3,0.0757228126337901
gyrA,A18,4,0.22950491081899504
gyrA,A18,5,0.5626731145022541
gyrA,A18,6,0.07275318425073095
gyrA,A18,7,0.7121843330756064
gyrA,A18,8,0.9843412444325118
gyrA,A18,9,0.9959143133251688
gyrA,A19,0,0.01182285060929458
gyrA,A19,1,0.01313668907796271
gyrA,A19,2,0.02513028064289708
gyrA,A19,3,0.15509391644099244
gyrA,A19,4,0.255988312790862
gyrA,A19,5,0.47557974455957247
gyrA,A19,6,0.9012318948175856
gyrA,A19,7,0.8629507689249002
gyrA,A19,8,0.991901917464954
gyrA,A19,9,0.9984632063845476
gyrA,A2,0,0.01523331289154471
gyrA,A2,1,0.01562849384138135
gyrA,A2,2,0.06140965886744672
gyrA,A2,3,0.1532821518365156
gyrA,A2,4,0.3137840087742655
gyrA,A2,5,0.7440481019295991
gyrA,A2,6,0.2897547969550579
gyrA,A2,7,0.7715795278376929
gyrA,A2,8,0.9665983614920848
gyrA,A2,9,0.9893326160129324
gyrA,A20,0,0.01364331051556338
gyrA,A20,1,0.01432430157749722
gyrA,A20,2,0.02633586646107526
gyrA,A20,3,0.27343377195744756
gyrA,A20,4,0.8232353417537168
gyrA,A20,5,0.5129734814969449
gyrA,A20,6,0.13025169592925015
gyrA,A20,7,0.8380900151228401
gyrA,A20,8,0.7653938110489077
gyrA,A20,9,0.9797348492528846
gyrA,A3,0,0.01300595913510995
gyrA,A3,1,0.03109239447012292
gyrA,A3,2,0.03319316722824052
gyrA,A3,3,0.0735025080249366
gyrA,A3,4,0.3893818772427215
gyrA,A3,5,0.9896710844974236
gyrA,A3,6,0.9069732362994531
gyrA,A3,7,0.3377890628278022
gyrA,A3,8,0.9671497634719805
gyrA,A3,9,0.9944426109491354
gyrA,A4,0,0.01331359713642525
gyrA,A4,1,0.06723225918544981
gyrA,A4,2,0.30606047086832305
gyrA,A4,3,0.12315300923877288
gyrA,A4,4,0.6747337412358434
gyrA,A4,5,0.8027068135830487
gyrA,A4,6,0.34185588265654476
gyrA,A4,7,0.8603569943824728
gyrA,A4,8,0.947920698359057
gyrA,A4,9,0.9955227419062764
gyrA,A5,0,0.0141895254943211
gyrA,A5,1,0.01695114422399954
gyrA,A5,2,0.02850900743934733
gyrA,A5,3,0.07788800813944792
gyrA,A5,4,0.5783459446793384
gyrA,A5,5,0.6284781855186918
gyrA,A5,6,0.04340363779705991
gyrA,A5,7,0.8567456418998519
gyrA,A5,8,0.9442540893682344
gyrA,A5,9,0.9920957074491304
gyrA,A6,0,0.0120987368945987
gyrA,A6,1,0.01084588608074637
gyrA,A6,2,0.01608423466451336
gyrA,A6,3,0.10783882531605175
gyrA,A6,4,0.5634170591975446
gyrA,A6,5,0.21550886517236856
gyrA,A6,6,0.8224393780806158
gyrA,A6,7,0.6802741734366256
gyrA,A6,8,0.9894143009944202
gyrA,A6,9,0.9979983562551752
gyrA,A7,0,0.01375961567694046
gyrA,A7,1,0.01760021655705932
gyrA,A7,2,0.02637653918569736
gyrA,A7,3,0.05840104487315565
gyrA,A7,4,0.36951085029511993
gyrA,A7,5,0.8755189945801879
gyrA,A7,6,0.2304326811607344
gyrA,A7,7,0.9371169373140534
gyrA,A7,8,0.9930951041368372
gyrA,A7,9,0.996279700685036
gyrA,A8,0,0.01370891983919029
gyrA,A8,1,0.01306311654756973
gyrA,A8,2,0.04651003489588493
gyrA,A8,3,0.14169605076987002
gyrA,A8,4,0.5254158968239485
gyrA,A8,5,0.274310390294319
gyrA,A8,6,0.6842772934275851
gyrA,A8,7,0.9486825616263638
gyrA,A8,8,0.9953395326978878
gyrA,A8,9,0.9999999164230108
gyrA,A9,0,0.01376111790494533
gyrA,A9,1,0.02551433734610123
gyrA,A9,2,0.25099654075164907
gyrA,A9,3,0.2609046618362104
gyrA,A9,4,0.7283210562268609
gyrA,A9,5,0.22793623206510677
gyrA,A9,6,0.7878485368078174
gyrA,A9,7,0.963055727156606
gyrA,A9,8,0.9949183616099172
gyrA,A9,9,0.9982898592533632
parC,A1,0,0.01028410024069689
parC,A1,1,0.01810613344315986
parC,A1,2,0.04002513980746982
parC,A1,3,0.02149749427994112
parC,A1,4,0.15755391228208038
parC,A1,5,0.1437267818659268
parC,A1,6,0.6780980156000028
parC,A1,7,0.9496594595148036
parC,A1,8,0.9951948548912456
parC,A1,9,0.9907663768551
parC,A10,0,0.00901200218405055
parC,A10,1,0.0077983841986174
parC,A10,2,0.01496623819582345
parC,A10,3,0.05053949725589139
parC,A10,4,0.3155157232511642
parC,A10,5,0.26056667216961743
parC,A10,6,0.906455921794076
parC,A10,7,0.890387246935889
parC,A10,8,0.996225497974903
parC,A10,9,0.999043266153068
parC,A11,0,0.00919355880894442
parC,A11,1,0.01472795969160238
parC,A11,2,0.01008500732106611
parC,A11,3,0.1454300591921784
parC,A11,4,0.0926081424799144
parC,A11,5,0.24828709499529936
parC,A11,6,0.589822363416559
parC,A11,7,0.841512993477301
parC,A11,8,0.952912616721041
parC,A11,9,0.9942390327370376
parC,A12,0,0.01014227814267296
parC,A12,1,0.01026796174352555
parC,A12,2,0.01277533282220762
parC,A12,3,0.01465821654314717
parC,A12,4,0.05111541971306087
parC,A12,5,0.3597830975569038
parC,A12,6,0.5350004911777506
parC,A12,7,0.9379455167819724
parC,A12,8,0.9912632474044542
parC,A12,9,0.998729931038627
parC,A13,0,0.0099302541931749
parC,A13,1,0.00826339616031053
parC,A13,2,0.00987131445739738
parC,A13,3,0.01535635478480797
parC,A13,4,0.04922045325240595
parC,A13,5,0.08635566464052531
parC,A13,6,0.6262307584690044
parC,A13,7,0.9527200622075008
parC,A13,8,0.9835966591364824
parC,A13,9,0.9988832962889734
parC,A14,0,0.01014822104070963
parC,A14,1,0.01799531492078569
parC,A14,2,0.01452896254997822
parC,A14,3,0.02159142767297728
parC,A14,4,0.07944478071593537
parC,A14,5,0.4043882442226244
parC,A14,6,0.9020960233680032
parC,A14,7,0.9435703976402764
parC,A14,8,0.9949178524194212
parC,A14,9,0.9997914795003586
parC,A15,0,0.0098815263848946
parC,A15,1,0.00972018721079109
parC,A15,2,0.0130205263128134
parC,A15,3,0.02067763145547453
parC,A15,4,0.03156904474931077
parC,A15,5,0.10006074358693937
parC,A15,6,0.8680276905796016
parC,A15,7,0.4140301154343106
parC,A15,8,0.97931266215918
parC,A15,9,0.9934897599613997
parC,A16,0,0.01056627088461915
parC,A16,1,0.00843256584812157
parC,A16,2,0.00931164419657343
parC,A16,3,0.02901118797798776
parC,A16,4,0.07097686920649465
parC,A16,5,0.0902630166559693
parC,A16,6,0.6360853915021374
parC,A16,7,0.463608749191583
parC,A16,8,0.9348993039853136
parC,A16,9,0.9229412318351456
parC,A17,0,0.00850182614025493
parC,A17,1,0.01230657286662206
parC,A17,2,0.01596024692385611
parC,A17,3,0.01715469097671924
parC,A17,4,0.01499726092503325
parC,A17,5,0.16313372004918156
parC,A17,6,0.7050660213936806
parC,A17,7,0.6768714760033943
parC,A17,8,0.9737390959118738
parC,A17,9,0.9931253745096312
parC,A18,0,0.00866856272748316
parC,A18,1,0.01446037821205618
parC,A18,2,0.02628919440269231
parC,A18,3,0.03945165814927844
parC,A18,4,0.08581151252556969
parC,A18,5,0.23966901484434397
parC,A18,6,0.9571256553865952
parC,A18,7,0.7573146150040684
parC,A18,8,0.9684492746461544
parC,A18,9,0.9988779566741932
parC,A19,0,0.00959141135317988
parC,A19,1,0.0291391677696708
parC,A19,2,0.01884947835214037
parC,A19,3,0.08166947014014249
parC,A19,4,0.1908003467413677
parC,A19,5,0.47551121693678344
parC,A19,6,0.31870210647066627
parC,A19,7,0.9282678571501158
parC,A19,8,0.9931425806226336
parC,A19,9,0.9993611064304512
parC,A2,0,0.01034977020794038
parC,A2,1,0.01288173686644096
parC,A2,2,0.01297405794373168
parC,A2,3,0.03494901540016199
parC,A2,4,0.19369165482455464
parC,A2,5,0.14030195020301914
parC,A2,6,0.6831122902661292
parC,A2,7,0.7815687034155628
parC,A2,8,0.9838835163632046
parC,A2,9,0.9964134180770902
parC,A20,0,0.01051637377891081
parC,A20,1,0.01796124304263706
parC,A20,2,0.01286872281422486
parC,A20,3,0.02405188340644619
parC,A20,4,0.04239124601014994
parC,A20,5,0.29589996506248606
parC,A20,6,0.9307451517089264
parC,A20,7,0.42516594234507865
parC,A20,8,0.9759305749860115
parC,A20,9,0.9876295802095276
parC,A3,0,0.00868258473166772
parC,A3,1,0.00982272820695118
parC,A3,2,0.01611266566583593
parC,A3,3,0.02134878455383453
parC,A3,4,0.05035916359802739
parC,A3,5,0.01250278552462486
parC,A3,6,0.12480819963543294
parC,A3,7,0.9354947018210246
parC,A3,8,0.9787577194447488
parC,A3,9,0.9975273749881276
parC,A4,0,0.01335165202281746
parC,A4,1,0.03828498627638151
parC,A4,2,0.140637931565415
parC,A4,3,0.714231373711793
parC,A4,4,0.1932836519335442
parC,A4,5,0.36242544794518633
parC,A4,6,0.8358183360770767
parC,A4,7,0.8820657579697857
parC,A4,8,0.967567483264156
parC,A4,9,0.9931236766338586
parC,A5,0,0.01239588894178278
parC,A5,1,0.01766947433445871
parC,A5,2,0.01808202510697201
parC,A5,3,0.02555425352957352
parC,A5,4,0.14448463873492362
parC,A5,5,0.35915132984041415
parC,A5,6,0.9941944811481166
parC,A5,7,0.6561615210708021
parC,A5,8,0.9562196591344044
parC,A5,9,0.993462262309626
parC,A6,0,0.0118013255529045
parC,A6,1,0.01075467143027429
parC,A6,2,0.01083252980128468
parC,A6,3,0.0335771871984476
parC,A6,4,0.07977992147158429
parC,A6,5,0.7089017390861108
parC,A6,6,0.2304998078106193
parC,A6,7,0.9209908334773548
parC,A6,8,0.9862911372291676
parC,A6,9,0.9993846251460444
parC,A7,0,0.01277782837859646
parC,A7,1,0.012695406446772
parC,A7,2,0.01591671912025221
parC,A7,3,0.03381671214025159
parC,A7,4,0.04699617963143687
parC,A7,5,0.08153587971884223
parC,A7,6,0.8752668509039665
parC,A7,7,0.9387518551920352
parC,A7,8,0.9955463941889868
parC,A7,9,0.9984835713678212
parC,A8,0,0.00985536828506027
parC,A8,1,0.00820509232657049
parC,A8,2,0.018763314067971
parC,A8,3,0.09468147720312486
parC,A8,4,0.19385398930673983
parC,A8,5,0.6521594579333999
parC,A8,6,0.6549361081925525
parC,A8,7,0.9559464511839292
parC,A8,8,0.9938000979210452
parC,A8,9,0.9989871189459762
parC,A9,0,0.01297340317709672
parC,A9,1,0.01247793587402312
parC,A9,2,0.02988382678921285
parC,A9,3,0.01841043008165374
parC,A9,4,0.10764173091287332
parC,A9,5,0.6665806499677427
parC,A9,6,0.5681817723783182
parC,A9,7,0.9699571734113812
parC,A9,8,0.9954957521356012
parC,A9,9,0.9994739149137593
