"","wgs_id","pheno","tosample"
"1","GCs13M",0,"Observed"
"2","FFF048",1,"Observed"
"3","Ng_134",0,"Observed"
"4","DDD048",0,"Observed"
"5","FFF043",0,"Observed"
"6","DDD033",1,"Observed"
"7","DDD020",0,"Observed"
"8","HHH040",0,"Observed"
"9","EEE016",0,"Observed"
"10","EEE036",0,"Observed"
"11","HHH014",0,"Observed"
"12","AUNG966",0,"Observed"
"13","GCGS0481",0,"Observed"
"14","HHH012",1,"Observed"
"15","SRR5827122",1,"Observed"
"16","CCC033",1,"Observed"
"17","HHH023",0,"Observed"
"18","GCGS0373",0,"Observed"
"19","GCGS0377",0,"Observed"
"20","GCGS0431",0,"Observed"
"21","GGG020",0,"Observed"
"22","FFF047",0,"Observed"
"23","GGG002",0,"Observed"
"24","CCC012",0,"Observed"
"25","HHH045",NA,"Unobserved"
"26","DDD043",NA,"Unobserved"
"27","EEE018",NA,"Unobserved"
"28","DDD049",NA,"Unobserved"
